term,coef,exp(coef),se(coef),z,Pr(>|z|)
age_years,0.009411895596027115,1.0094563267698402,0.023830618654067232,0.3949496961305603,0.6928800128792595
stage_binaryLate,2.188014711473357,8.917491735465005,0.5361124620411996,4.081260680161565,4.4792083211434766e-5
proliferation_score,0.03362996509116608,1.0342018451294304,0.39650836791067035,0.08481527204173052,0.9324082519572343
