term,coef,exp(coef),se(coef),z,Pr(>|z|)
age_years,0.1138451400555159,1.1205785787103353,0.1151423586902284,0.988733784425917,0.3227934086684081
stage_binaryLate,2.9832135663095825,19.751186516148017,1.6638592720815664,1.792948247706936,0.07298119957190381
proliferation_score,0.7540345836462854,2.1255584835748462,1.0409522579683195,0.7243699966778244,0.4688386145720166
