term,coef,exp(coef),se(coef),z,Pr(>|z|)
age_years,0.009504055297886598,1.0095493622509506,0.0173822955651821,0.5467664073624346,0.5845392245499588
stage_binaryLate,2.4388481285221597,11.459832882738107,0.3969919129090942,6.143319420918842,8.081453691863507e-10
proliferation_score,-0.258474801549375,0.7722284897654896,0.36029078024656475,-0.7174060945231182,0.4731235601924742
